{"minzoom":0,"maxzoom":8,"center":[-75.234375,9.101423,8.0],"bounds":[-81.746025,-4.247626,-66.867722,13.320602]}