{"minzoom":0,"maxzoom":9,"center":[-76.992188,3.864182,9.0],"bounds":[-81.746025,-4.247626,-66.867722,13.320602]}